{
  "project_info": {
    "project_number": "630741170531",
    "firebase_url": "https://somenicehotel-1496174878798.firebaseio.com",
    "project_id": "somenicehotel-1496174878798",
    "storage_bucket": "somenicehotel-1496174878798.appspot.com"
  },
  "client": [
    {
      "client_info": {
        "mobilesdk_app_id": "1:630741170531:android:0e651feeb9d57db7",
        "android_client_info": {
          "package_name": "com.james.cleverpumpkins"
        }
      },
      "oauth_client": [
        {
          "client_id": "630741170531-1l5sn6le9tq5v2srkm9n05pv4kgsmmqi.apps.googleusercontent.com",
          "client_type": 1,
          "android_info": {
            "package_name": "com.james.cleverpumpkins",
            "certificate_hash": "bdaa63c1e846ca7b8ab582012a786b054d5b33e9"
          }
        },
        {
          "client_id": "630741170531-ajuhmm3ik0qqr3tui6ukhue5664p6t70.apps.googleusercontent.com",
          "client_type": 3
        }
      ],
      "api_key": [
        {
          "current_key": "AIzaSyAiT-T9ctbUCQd-5u_Nj7L5IO-ZfaAEN0o"
        }
      ],
      "services": {
        "analytics_service": {
          "status": 1
        },
        "appinvite_service": {
          "status": 2,
          "other_platform_oauth_client": [
            {
              "client_id": "630741170531-ajuhmm3ik0qqr3tui6ukhue5664p6t70.apps.googleusercontent.com",
              "client_type": 3
            }
          ]
        },
        "ads_service": {
          "status": 2
        }
      }
    }
  ],
  "configuration_version": "1"
}